{
  "_fv": 18,
  "_type": "biome",
  "definition": {
    "name": "Kukuricnepolefaktvelkedesive",
    "groundBlock": {
      "value": "CUSTOM:Kukurica"
    },
    "undergroundBlock": {
      "value": "Blocks.DIRT#1"
    },
    "airColor": {
      "value": -6684673,
      "falpha": 0.0
    },
    "grassColor": {
      "value": -256,
      "falpha": 0.0
    },
    "foliageColor": {
      "value": -13369549,
      "falpha": 0.0
    },
    "waterColor": {
      "value": -16777012,
      "falpha": 0.0
    },
    "waterFogColor": {
      "value": -16776961,
      "falpha": 0.0
    },
    "ambientSound": {
      "value": ""
    },
    "additionsSound": {
      "value": ""
    },
    "music": {
      "value": "block.redstone_torch.burnout"
    },
    "moodSound": {
      "value": ""
    },
    "moodSoundDelay": 6000,
    "spawnParticles": false,
    "particleToSpawn": {
      "value": "EXPLOSION_NORMAL"
    },
    "particlesProbability": 0.5,
    "biomeCategory": "NONE",
    "parent": {
      "value": "No parent"
    },
    "rainingPossibility": 0.5,
    "temperature": 0.5,
    "baseHeight": 0.1,
    "heightVariation": 0.2,
    "biomeType": "WARM",
    "spawnBiome": true,
    "biomeWeight": 10,
    "biomeDictionaryTypes": [],
    "grassPerChunk": 15,
    "seagrassPerChunk": 0,
    "flowersPerChunk": 1,
    "mushroomsPerChunk": 1,
    "bigMushroomsChunk": 0,
    "sandPatchesPerChunk": 0,
    "gravelPatchesPerChunk": 0,
    "reedsPerChunk": 0,
    "cactiPerChunk": 0,
    "treesPerChunk": 1,
    "vanillaTreeType": "Big trees",
    "treeType": 1,
    "minHeight": 7,
    "maxWaterDepth": 0,
    "treeStem": {
      "value": "CUSTOM:Kukurica"
    },
    "treeBranch": {
      "value": "CUSTOM:Kukurica"
    },
    "treeVines": {
      "value": ""
    },
    "treeFruits": {
      "value": ""
    },
    "spawnStronghold": true,
    "spawnMineshaft": false,
    "spawnPillagerOutpost": true,
    "villageType": "plains",
    "spawnWoodlandMansion": false,
    "spawnJungleTemple": false,
    "spawnDesertPyramid": false,
    "spawnIgloo": false,
    "spawnOceanMonument": false,
    "spawnShipwreck": true,
    "oceanRuinType": "WARM",
    "defaultFeatures": [
      "Caves",
      "Ores",
      "FrozenTopLayer"
    ],
    "spawnEntries": [
      {
        "entity": {
          "value": "EntityGolem"
        },
        "minGroup": 4,
        "maxGroup": 4,
        "weight": 30,
        "spawnType": "ambient"
      }
    ]
  }
}