{
  "_fv": 18,
  "_type": "food",
  "definition": {
    "renderType": 0,
    "texture": "bez_azvu",
    "customModelName": "Normal",
    "name": "Pop Corn",
    "rarity": "RARE",
    "specialInfo": [
      "nam nam"
    ],
    "creativeTab": {
      "value": "CUSTOM:Farmareni"
    },
    "stackSize": 16,
    "nutritionalValue": 4,
    "saturation": 0.4,
    "eatingSpeed": 42,
    "resultItem": {
      "value": ""
    },
    "forDogs": false,
    "isAlwaysEdible": false,
    "animation": "block",
    "hasGlow": false
  }
}