{
  "_fv": 18,
  "_type": "plant",
  "definition": {
    "renderType": 12,
    "texture": "bez",
    "textureBottom": "esdes",
    "customModelName": "Cross model",
    "itemTexture": "rajceseed",
    "particleTexture": "",
    "tintType": "No tint",
    "isItemTinted": false,
    "plantType": "double",
    "staticPlantGenerationType": "Flower",
    "growapableSpawnType": "Plains",
    "growapableMaxHeight": 3,
    "doublePlantGenerationType": "Flower",
    "customBoundingBox": false,
    "disableOffset": false,
    "boundingBoxes": [
      {
        "mx": 0.0,
        "my": 0.0,
        "mz": 0.0,
        "Mx": 16.0,
        "My": 16.0,
        "Mz": 16.0,
        "subtract": false
      }
    ],
    "name": "Rajce",
    "specialInfo": [],
    "creativeTab": {
      "value": "DECORATIONS"
    },
    "hardness": 0.0,
    "resistance": 0.5,
    "luminance": 0,
    "unbreakable": false,
    "soundOnStep": {
      "value": "PLANT"
    },
    "useLootTableForDrops": false,
    "customDrop": {
      "value": "CUSTOM:Rajcatko"
    },
    "dropAmount": 2,
    "forceTicking": false,
    "emissiveRendering": false,
    "hasTileEntity": false,
    "isReplaceable": false,
    "colorOnMap": "DEFAULT",
    "creativePickItem": {
      "value": ""
    },
    "offsetType": "XZ",
    "aiPathNodeType": "DEFAULT",
    "flammability": 100,
    "fireSpreadSpeed": 60,
    "jumpFactor": 1.0,
    "speedFactor": 1.0,
    "canBePlacedOn": [],
    "frequencyOnChunks": 5,
    "spawnWorldTypes": [
      "Surface"
    ],
    "restrictionBiomes": [
      {
        "value": "plains"
      }
    ]
  }
}