{
  "_fv": 18,
  "_type": "structure",
  "definition": {
    "structure": "stodola1",
    "randomlyRotateStructure": true,
    "surfaceDetectionType": "First motion blocking block",
    "spawnProbability": 10000,
    "minCountPerChunk": 1,
    "maxCountPerChunk": 1,
    "spawnLocation": "Ground",
    "spawnHeightOffset": 0,
    "spawnXOffset": 0,
    "spawnZOffset": 0,
    "spawnWorldTypes": [
      "Surface"
    ],
    "restrictionBlocks": [
      {
        "value": "Blocks.DIRT#1"
      }
    ],
    "restrictionBiomes": [
      {
        "value": "CUSTOM:Kukuricnepolefaktvelkedesive"
      }
    ],
    "ignoreBlocks": "STRUCTURE_BLOCK"
  }
}