{
  "_fv": 18,
  "_type": "tool",
  "definition": {
    "renderType": 0,
    "texture": "vidlicky",
    "customModelName": "Normal",
    "name": "Vidle",
    "specialInfo": [],
    "creativeTab": {
      "value": "CUSTOM:Farmareni"
    },
    "toolType": "Hoe",
    "harvestLevel": 1,
    "efficiency": 4.0,
    "attackSpeed": 2.0,
    "enchantability": 2,
    "damageVsEntity": 4.0,
    "usageCount": 150,
    "blocksAffected": [],
    "hasGlow": false,
    "repairItems": [
      {
        "value": "Items.IRON_INGOT"
      }
    ],
    "immuneToFire": false,
    "stayInGridWhenCrafting": true,
    "damageOnCrafting": false
  }
}